something wrong , 2021-12-06 , 01:00:28
something wrong , 2021-12-06 , 01:00:28
something wrong , 2021-12-06 , 01:00:28
something wrong , 2021-12-06 , 01:00:29
something wrong , 2021-12-06 , 01:00:29
something wrong , 2021-12-06 , 01:00:29
something wrong , 2021-12-06 , 01:00:29
something wrong , 2021-12-06 , 01:00:29
something wrong , 2021-12-06 , 01:00:31
something wrong , 2021-12-06 , 01:00:31
something wrong , 2021-12-06 , 01:00:31
something wrong , 2021-12-06 , 01:00:31
something wrong , 2021-12-06 , 01:00:31
something wrong , 2021-12-06 , 01:00:32
something wrong , 2021-12-06 , 01:00:32
something wrong , 2021-12-06 , 01:00:33
something wrong , 2021-12-06 , 01:00:33
something wrong , 2021-12-06 , 01:00:34
something wrong , 2021-12-06 , 01:00:34
something wrong , 2021-12-06 , 01:00:34
something wrong , 2021-12-06 , 01:00:34
something wrong , 2021-12-06 , 01:00:34
something wrong , 2021-12-06 , 01:00:34
something wrong , 2021-12-06 , 01:00:35
something wrong , 2021-12-06 , 01:00:35
something wrong , 2021-12-06 , 01:00:35
something wrong , 2021-12-06 , 01:00:35
something wrong , 2021-12-06 , 01:00:35
something wrong , 2021-12-06 , 01:00:35
something wrong , 2021-12-06 , 01:00:36
something wrong , 2021-12-06 , 01:00:36
something wrong , 2021-12-06 , 01:00:36
something wrong , 2021-12-06 , 01:00:36
something wrong , 2021-12-06 , 01:00:36
something wrong , 2021-12-06 , 01:00:36
something wrong , 2021-12-06 , 01:00:36
something wrong , 2021-12-06 , 01:00:37
something wrong , 2021-12-06 , 01:00:37
something wrong , 2021-12-06 , 01:00:37
something wrong , 2021-12-06 , 01:00:37
something wrong , 2021-12-06 , 01:00:37
something wrong , 2021-12-06 , 01:00:37
something wrong , 2021-12-06 , 01:00:38
something wrong , 2021-12-06 , 01:00:38
something wrong , 2021-12-06 , 01:00:38
something wrong , 2021-12-06 , 01:00:38
something wrong , 2021-12-06 , 01:00:38
something wrong , 2021-12-06 , 01:00:39
something wrong , 2021-12-06 , 01:00:39
something wrong , 2021-12-06 , 14:13:55
something wrong , 2021-12-06 , 14:13:56
something wrong , 2021-12-06 , 14:13:56
something wrong , 2021-12-06 , 14:13:56
something wrong , 2021-12-06 , 14:13:57
something wrong , 2021-12-06 , 14:13:57
something wrong , 2021-12-06 , 14:13:57
something wrong , 2021-12-06 , 14:13:58
something wrong , 2021-12-06 , 14:13:58
something wrong , 2021-12-06 , 14:13:59
something wrong , 2021-12-06 , 14:13:59
something wrong , 2021-12-06 , 14:14:00
something wrong , 2021-12-06 , 14:14:01
something wrong , 2021-12-06 , 14:14:01
something wrong , 2021-12-06 , 14:14:02
something wrong , 2021-12-06 , 14:14:02
something wrong , 2021-12-06 , 14:14:02
something wrong , 2021-12-06 , 14:14:02
something wrong , 2021-12-06 , 14:14:02
something wrong , 2021-12-06 , 14:14:03
something wrong , 2021-12-06 , 14:14:03
something wrong , 2021-12-06 , 14:14:04
something wrong , 2021-12-06 , 14:14:04
something wrong , 2021-12-06 , 14:14:04
something wrong , 2021-12-06 , 14:14:05
something wrong , 2021-12-06 , 14:14:05
something wrong , 2021-12-06 , 14:14:06
something wrong , 2021-12-06 , 14:14:06
something wrong , 2021-12-06 , 14:14:06
something wrong , 2021-12-06 , 14:14:06
something wrong , 2021-12-06 , 14:14:07
something wrong , 2021-12-06 , 14:14:07
something wrong , 2021-12-06 , 14:14:08
something wrong , 2021-12-06 , 14:14:09
something wrong , 2021-12-06 , 14:14:09
something wrong , 2021-12-06 , 14:14:09
something wrong , 2021-12-06 , 14:14:10
something wrong , 2021-12-06 , 14:14:10
something wrong , 2021-12-06 , 14:14:10
something wrong , 2021-12-06 , 14:14:11
something wrong , 2021-12-06 , 14:14:11
something wrong , 2021-12-06 , 14:14:12
something wrong , 2021-12-06 , 14:14:12
something wrong , 2021-12-06 , 14:14:13
something wrong , 2021-12-06 , 14:14:13
something wrong , 2021-12-06 , 14:14:14
something wrong , 2021-12-06 , 14:14:15
something wrong , 2021-12-06 , 14:14:15
something wrong , 2021-12-06 , 14:14:16
something wrong , 2021-12-06 , 14:14:17
something wrong , 2021-12-06 , 14:14:17
something wrong , 2021-12-06 , 14:15:26
something wrong , 2021-12-06 , 14:15:28
something wrong , 2021-12-06 , 14:15:32
something wrong , 2021-12-06 , 14:15:33
something wrong , 2021-12-06 , 14:15:33
something wrong , 2021-12-06 , 14:15:36
something wrong , 2021-12-06 , 14:15:36
something wrong , 2021-12-06 , 14:15:37
something wrong , 2021-12-06 , 14:15:37
something wrong , 2021-12-06 , 14:15:38
something wrong , 2021-12-06 , 14:15:38
something wrong , 2021-12-06 , 14:15:39
something wrong , 2021-12-06 , 14:15:40
something wrong , 2021-12-06 , 14:15:40
something wrong , 2021-12-06 , 14:15:41
something wrong , 2021-12-06 , 14:15:41
something wrong , 2021-12-06 , 14:15:42
something wrong , 2021-12-06 , 14:15:42
something wrong , 2021-12-06 , 14:15:42
something wrong , 2021-12-06 , 14:15:43
something wrong , 2021-12-06 , 14:15:44
something wrong , 2021-12-06 , 14:15:44
something wrong , 2021-12-06 , 14:15:44
something wrong , 2021-12-06 , 14:15:45
something wrong , 2021-12-06 , 14:15:45
something wrong , 2021-12-06 , 14:15:46
something wrong , 2021-12-06 , 14:15:47
something wrong , 2021-12-06 , 14:15:49
something wrong , 2021-12-06 , 14:15:50
something wrong , 2021-12-06 , 14:15:50
something wrong , 2021-12-06 , 14:15:50
something wrong , 2021-12-06 , 14:15:50
something wrong , 2021-12-06 , 14:15:51
something wrong , 2021-12-06 , 14:15:51
something wrong , 2021-12-06 , 14:15:51
something wrong , 2021-12-06 , 14:15:51
something wrong , 2021-12-06 , 14:15:52
something wrong , 2021-12-06 , 14:15:52
something wrong , 2021-12-06 , 14:15:52
something wrong , 2021-12-06 , 14:15:52
something wrong , 2021-12-06 , 14:15:53
something wrong , 2021-12-06 , 14:15:53
something wrong , 2021-12-06 , 14:15:54
something wrong , 2021-12-06 , 14:15:54
something wrong , 2021-12-06 , 14:15:55
something wrong , 2021-12-06 , 14:15:55
something wrong , 2021-12-06 , 14:15:56
something wrong , 2021-12-06 , 14:15:56
something wrong , 2021-12-06 , 14:15:56
something wrong , 2021-12-06 , 14:15:56
something wrong , 2021-12-06 , 14:15:57
something wrong , 2021-12-06 , 14:15:57
something wrong , 2021-12-06 , 14:15:57
something wrong , 2021-12-06 , 14:15:57
something wrong , 2021-12-06 , 14:15:58
something wrong , 2021-12-06 , 14:15:58
something wrong , 2021-12-06 , 14:15:59
something wrong , 2021-12-06 , 14:15:59
something wrong , 2021-12-06 , 14:15:59
something wrong , 2021-12-06 , 14:16:00
something wrong , 2021-12-06 , 14:16:01
something wrong , 2021-12-06 , 14:16:01
something wrong , 2021-12-06 , 14:16:01
something wrong , 2021-12-06 , 14:16:02
something wrong , 2021-12-06 , 14:16:02
something wrong , 2021-12-06 , 14:16:02
something wrong , 2021-12-06 , 14:16:03
something wrong , 2021-12-06 , 14:16:03
something wrong , 2021-12-06 , 14:16:04
something wrong , 2021-12-06 , 14:16:04
something wrong , 2021-12-06 , 14:16:05
something wrong , 2021-12-06 , 14:16:05
something wrong , 2021-12-06 , 14:16:05
something wrong , 2021-12-06 , 14:16:07
something wrong , 2021-12-06 , 14:16:07
something wrong , 2021-12-06 , 14:16:08
something wrong , 2021-12-06 , 14:17:52
something wrong , 2021-12-06 , 14:18:06
something wrong , 2021-12-06 , 14:42:26
something wrong , 2021-12-06 , 14:42:26
something wrong , 2021-12-06 , 14:42:26
something wrong , 2021-12-06 , 14:42:26
something wrong , 2021-12-06 , 14:42:27
something wrong , 2021-12-06 , 14:42:27
something wrong , 2021-12-06 , 14:42:27
something wrong , 2021-12-06 , 14:42:28
something wrong , 2021-12-06 , 14:42:28
something wrong , 2021-12-06 , 14:42:29
something wrong , 2021-12-06 , 14:42:29
something wrong , 2021-12-06 , 14:42:29
something wrong , 2021-12-06 , 14:42:30
something wrong , 2021-12-06 , 14:42:30
something wrong , 2021-12-06 , 14:42:31
something wrong , 2021-12-06 , 14:42:31
something wrong , 2021-12-06 , 14:42:31
something wrong , 2021-12-06 , 14:42:32
something wrong , 2021-12-06 , 14:42:32
something wrong , 2021-12-06 , 14:42:33
something wrong , 2021-12-06 , 14:42:33
something wrong , 2021-12-06 , 14:42:33
something wrong , 2021-12-06 , 14:42:34
something wrong , 2021-12-06 , 14:42:34
something wrong , 2021-12-06 , 22:22:55
something wrong , 2021-12-06 , 22:23:03
something wrong , 2021-12-06 , 22:23:03
something wrong , 2021-12-06 , 22:23:04
something wrong , 2021-12-06 , 22:23:04
something wrong , 2021-12-06 , 22:23:05
something wrong , 2021-12-06 , 22:23:07
something wrong , 2021-12-06 , 22:23:08
something wrong , 2021-12-06 , 22:23:08
something wrong , 2021-12-06 , 22:23:09
something wrong , 2021-12-06 , 22:23:09
something wrong , 2021-12-06 , 22:23:09
something wrong , 2021-12-06 , 22:23:10
something wrong , 2021-12-06 , 22:23:12
something wrong , 2021-12-06 , 22:23:13
something wrong , 2021-12-06 , 22:23:15
something wrong , 2021-12-06 , 22:23:16
something wrong , 2021-12-06 , 22:23:20
something wrong , 2021-12-06 , 22:23:22
something wrong , 2021-12-06 , 22:23:23
something wrong , 2021-12-06 , 22:23:23
something wrong , 2021-12-06 , 22:23:24
something wrong , 2021-12-06 , 22:23:24
something wrong , 2021-12-06 , 22:23:25
something wrong , 2021-12-06 , 22:23:25
something wrong , 2021-12-06 , 22:23:26
something wrong , 2021-12-06 , 22:23:26
something wrong , 2021-12-06 , 22:23:27
something wrong , 2021-12-06 , 22:23:27
something wrong , 2021-12-06 , 22:23:27
something wrong , 2021-12-06 , 22:24:02
something wrong , 2021-12-06 , 22:24:04
something wrong , 2021-12-06 , 22:24:05
something wrong , 2021-12-06 , 22:24:06
something wrong , 2021-12-06 , 22:24:07
something wrong , 2021-12-06 , 22:24:07
something wrong , 2021-12-06 , 22:24:08
something wrong , 2021-12-06 , 22:24:08
something wrong , 2021-12-06 , 22:24:09
something wrong , 2021-12-06 , 22:24:10
something wrong , 2021-12-06 , 22:24:11
something wrong , 2021-12-06 , 22:24:11
something wrong , 2021-12-06 , 22:24:12
something wrong , 2021-12-06 , 22:24:12
something wrong , 2021-12-06 , 22:24:13
something wrong , 2021-12-06 , 22:24:13
something wrong , 2021-12-06 , 22:24:13
something wrong , 2021-12-06 , 22:24:14
something wrong , 2021-12-06 , 22:24:14
something wrong , 2021-12-06 , 22:24:16
something wrong , 2021-12-06 , 22:24:18
something wrong , 2021-12-06 , 22:24:18
something wrong , 2021-12-06 , 22:24:19
something wrong , 2021-12-06 , 22:24:20
something wrong , 2021-12-06 , 22:24:21
something wrong , 2021-12-06 , 22:24:23
something wrong , 2021-12-06 , 22:24:24
something wrong , 2021-12-06 , 22:24:25
something wrong , 2021-12-06 , 22:24:26
something wrong , 2021-12-06 , 22:24:28
something wrong , 2021-12-06 , 22:24:30
something wrong , 2021-12-06 , 22:24:31
something wrong , 2021-12-06 , 22:24:31
something wrong , 2021-12-06 , 22:24:31
something wrong , 2021-12-06 , 22:24:32
something wrong , 2021-12-06 , 22:24:32
something wrong , 2021-12-06 , 22:24:32
something wrong , 2021-12-06 , 22:24:32
something wrong , 2021-12-06 , 22:24:32
something wrong , 2021-12-06 , 22:24:33
something wrong , 2021-12-06 , 22:24:33
something wrong , 2021-12-06 , 22:24:34
something wrong , 2021-12-06 , 22:24:34
something wrong , 2021-12-06 , 22:24:34
something wrong , 2021-12-06 , 22:24:34
something wrong , 2021-12-06 , 22:24:35
something wrong , 2021-12-06 , 22:24:35
something wrong , 2021-12-06 , 22:24:35
something wrong , 2021-12-06 , 22:24:38
something wrong , 2021-12-06 , 22:24:41
something wrong , 2021-12-06 , 22:24:43
something wrong , 2021-12-06 , 22:24:44
something wrong , 2021-12-06 , 22:24:45
something wrong , 2021-12-06 , 22:24:46
something wrong , 2021-12-06 , 22:24:48
something wrong , 2021-12-06 , 22:24:49
something wrong , 2021-12-06 , 22:24:50
something wrong , 2021-12-06 , 22:24:50
something wrong , 2021-12-06 , 22:24:52
something wrong , 2021-12-06 , 22:24:53
something wrong , 2021-12-06 , 22:24:53
something wrong , 2021-12-06 , 22:24:54
something wrong , 2021-12-06 , 22:24:55
something wrong , 2021-12-06 , 22:24:56
something wrong , 2021-12-06 , 22:24:57
something wrong , 2021-12-06 , 22:24:57
something wrong , 2021-12-06 , 22:24:59
something wrong , 2021-12-06 , 22:25:00
something wrong , 2021-12-06 , 22:25:00
something wrong , 2021-12-06 , 22:25:00
something wrong , 2021-12-06 , 22:25:00
something wrong , 2021-12-06 , 22:25:01
something wrong , 2021-12-06 , 22:25:01
something wrong , 2021-12-06 , 22:25:02
something wrong , 2021-12-06 , 22:25:02
something wrong , 2021-12-06 , 22:25:02
something wrong , 2021-12-06 , 22:25:03
something wrong , 2021-12-06 , 22:25:03
something wrong , 2021-12-06 , 22:25:03
something wrong , 2021-12-06 , 22:25:04
something wrong , 2021-12-06 , 22:25:05
something wrong , 2021-12-06 , 22:25:06
something wrong , 2021-12-06 , 22:25:06
something wrong , 2021-12-06 , 22:25:07
something wrong , 2021-12-06 , 22:25:07
something wrong , 2021-12-06 , 22:25:07
something wrong , 2021-12-06 , 22:25:07
something wrong , 2021-12-06 , 22:25:07
something wrong , 2021-12-06 , 22:25:07
something wrong , 2021-12-06 , 22:25:08
something wrong , 2021-12-06 , 22:25:08
something wrong , 2021-12-06 , 22:25:08
something wrong , 2021-12-06 , 22:25:09
something wrong , 2021-12-06 , 22:25:09
something wrong , 2021-12-06 , 22:25:10
something wrong , 2021-12-06 , 22:25:10
something wrong , 2021-12-06 , 22:25:11
something wrong , 2021-12-06 , 22:25:11
something wrong , 2021-12-06 , 22:25:12
something wrong , 2021-12-06 , 22:25:12
something wrong , 2021-12-06 , 22:25:12
something wrong , 2021-12-06 , 22:25:12
something wrong , 2021-12-06 , 22:25:13
something wrong , 2021-12-06 , 22:25:13
something wrong , 2021-12-06 , 22:25:13
something wrong , 2021-12-06 , 22:25:14
something wrong , 2021-12-06 , 22:25:14
something wrong , 2021-12-06 , 22:25:14
something wrong , 2021-12-06 , 22:25:14
something wrong , 2021-12-06 , 22:25:14
something wrong , 2021-12-06 , 22:25:15
something wrong , 2021-12-06 , 22:25:15
something wrong , 2021-12-06 , 22:25:15
something wrong , 2021-12-06 , 22:25:15
something wrong , 2021-12-06 , 22:25:16
something wrong , 2021-12-06 , 22:25:16
something wrong , 2021-12-06 , 22:25:16
something wrong , 2021-12-06 , 22:25:17
something wrong , 2021-12-06 , 22:25:17
something wrong , 2021-12-06 , 22:25:17
something wrong , 2021-12-06 , 22:25:18
something wrong , 2021-12-06 , 22:25:18
something wrong , 2021-12-06 , 22:25:18
something wrong , 2021-12-06 , 22:25:19
something wrong , 2021-12-06 , 22:25:19
something wrong , 2021-12-06 , 22:25:20
something wrong , 2021-12-06 , 22:25:20
something wrong , 2021-12-06 , 22:25:21
something wrong , 2021-12-06 , 22:25:21
something wrong , 2021-12-06 , 22:25:22
something wrong , 2021-12-06 , 22:30:01
something wrong , 2021-12-06 , 22:30:02
something wrong , 2021-12-06 , 22:30:02
something wrong , 2021-12-06 , 22:30:02
something wrong , 2021-12-06 , 22:30:03
something wrong , 2021-12-06 , 22:30:03
something wrong , 2021-12-06 , 22:30:04
something wrong , 2021-12-06 , 22:30:04
something wrong , 2021-12-06 , 22:30:05
something wrong , 2021-12-06 , 22:30:06
something wrong , 2021-12-06 , 22:30:42
something wrong , 2021-12-06 , 22:30:42
something wrong , 2021-12-06 , 22:30:43
something wrong , 2021-12-06 , 22:30:43
something wrong , 2021-12-06 , 22:30:44
something wrong , 2021-12-06 , 22:30:44
something wrong , 2021-12-06 , 22:30:44
something wrong , 2021-12-06 , 22:30:45
something wrong , 2021-12-06 , 22:30:45
something wrong , 2021-12-06 , 22:30:45
something wrong , 2021-12-06 , 22:30:47
something wrong , 2021-12-06 , 22:30:48
something wrong , 2021-12-06 , 22:30:49
something wrong , 2021-12-06 , 22:30:50
something wrong , 2021-12-06 , 22:30:51
something wrong , 2021-12-06 , 22:31:28
something wrong , 2021-12-06 , 22:31:28
something wrong , 2021-12-06 , 22:31:29
something wrong , 2021-12-06 , 22:31:29
something wrong , 2021-12-06 , 22:31:31
something wrong , 2021-12-06 , 22:31:31
something wrong , 2021-12-06 , 22:31:31
something wrong , 2021-12-06 , 22:31:32
something wrong , 2021-12-06 , 22:31:32
something wrong , 2021-12-06 , 22:31:33
something wrong , 2021-12-06 , 22:31:35
something wrong , 2021-12-06 , 22:31:36
something wrong , 2021-12-06 , 22:31:37
something wrong , 2021-12-06 , 22:31:38
something wrong , 2021-12-06 , 22:31:39
something wrong , 2021-12-06 , 22:31:40
something wrong , 2021-12-06 , 22:31:40
something wrong , 2021-12-06 , 22:31:40
something wrong , 2021-12-06 , 22:31:41
something wrong , 2021-12-06 , 22:34:24
something wrong , 2021-12-06 , 22:34:24
something wrong , 2021-12-06 , 22:34:26
something wrong , 2021-12-06 , 22:34:27
something wrong , 2021-12-06 , 22:34:28
something wrong , 2021-12-06 , 22:34:29
something wrong , 2021-12-06 , 22:34:29
something wrong , 2021-12-06 , 22:34:30
something wrong , 2021-12-06 , 22:34:32
something wrong , 2021-12-06 , 22:34:32
something wrong , 2021-12-06 , 22:36:07
something wrong , 2021-12-06 , 22:36:07
something wrong , 2021-12-06 , 22:36:08
something wrong , 2021-12-06 , 22:36:08
something wrong , 2021-12-06 , 22:36:10
something wrong , 2021-12-06 , 22:36:12
something wrong , 2021-12-06 , 22:36:13
something wrong , 2021-12-06 , 22:36:13
something wrong , 2021-12-06 , 22:36:14
something wrong , 2021-12-06 , 22:36:14
something wrong , 2021-12-06 , 22:36:14
something wrong , 2021-12-06 , 22:36:15
something wrong , 2021-12-06 , 22:36:15
something wrong , 2021-12-06 , 22:36:16
something wrong , 2021-12-06 , 22:36:16
something wrong , 2021-12-06 , 22:36:17
something wrong , 2021-12-06 , 22:36:18
something wrong , 2021-12-06 , 22:36:18
something wrong , 2021-12-06 , 22:36:18
something wrong , 2021-12-06 , 22:36:19
something wrong , 2021-12-06 , 22:36:19
something wrong , 2021-12-06 , 22:36:19
something wrong , 2021-12-06 , 22:36:20
something wrong , 2021-12-06 , 22:36:20
something wrong , 2021-12-06 , 22:36:20
something wrong , 2021-12-06 , 22:36:20
something wrong , 2021-12-06 , 22:36:21
something wrong , 2021-12-06 , 22:36:21
something wrong , 2021-12-06 , 22:36:21
something wrong , 2021-12-06 , 22:36:21
something wrong , 2021-12-06 , 22:36:37
something wrong , 2021-12-06 , 22:36:37
something wrong , 2021-12-06 , 22:36:37
something wrong , 2021-12-06 , 22:36:38
something wrong , 2021-12-06 , 22:36:38
something wrong , 2021-12-06 , 22:36:38
something wrong , 2021-12-06 , 22:36:39
something wrong , 2021-12-06 , 22:36:39
something wrong , 2021-12-06 , 22:36:39
something wrong , 2021-12-06 , 22:36:39
something wrong , 2021-12-06 , 22:36:40
something wrong , 2021-12-06 , 22:36:40
something wrong , 2021-12-06 , 22:36:40
something wrong , 2021-12-06 , 22:36:40
something wrong , 2021-12-06 , 22:36:41
something wrong , 2021-12-06 , 22:36:41
something wrong , 2021-12-06 , 22:36:41
something wrong , 2021-12-06 , 22:36:41
something wrong , 2021-12-06 , 22:36:45
something wrong , 2021-12-06 , 22:36:45
something wrong , 2021-12-06 , 22:36:45
something wrong , 2021-12-06 , 22:36:46
something wrong , 2021-12-06 , 22:36:46
something wrong , 2021-12-06 , 22:36:46
something wrong , 2021-12-06 , 22:36:46
something wrong , 2021-12-06 , 22:36:46
something wrong , 2021-12-06 , 22:36:47
something wrong , 2021-12-06 , 22:36:47
something wrong , 2021-12-06 , 22:37:19
something wrong , 2021-12-06 , 22:37:20
something wrong , 2021-12-06 , 22:37:20
something wrong , 2021-12-06 , 22:37:21
something wrong , 2021-12-06 , 22:37:22
something wrong , 2021-12-06 , 22:37:22
something wrong , 2021-12-06 , 22:37:22
something wrong , 2021-12-06 , 22:37:23
something wrong , 2021-12-06 , 22:37:23
something wrong , 2021-12-06 , 22:37:25
something wrong , 2021-12-06 , 22:37:26
something wrong , 2021-12-06 , 22:37:32
something wrong , 2021-12-06 , 22:37:34
something wrong , 2021-12-06 , 22:37:35
something wrong , 2021-12-06 , 22:37:36
something wrong , 2021-12-06 , 22:37:37
something wrong , 2021-12-06 , 22:37:37
something wrong , 2021-12-06 , 22:37:39
something wrong , 2021-12-06 , 22:37:39
something wrong , 2021-12-06 , 22:37:40
something wrong , 2021-12-06 , 22:37:40
something wrong , 2021-12-06 , 22:37:41
something wrong , 2021-12-06 , 22:37:42
something wrong , 2021-12-06 , 22:37:44
something wrong , 2021-12-06 , 22:37:45
something wrong , 2021-12-06 , 22:37:45
something wrong , 2021-12-06 , 22:37:46
something wrong , 2021-12-06 , 22:37:47
something wrong , 2021-12-06 , 22:37:47
something wrong , 2021-12-06 , 22:37:47
something wrong , 2021-12-06 , 22:37:49
something wrong , 2021-12-06 , 22:37:50
something wrong , 2021-12-06 , 22:37:51
something wrong , 2021-12-06 , 22:37:51
something wrong , 2021-12-06 , 22:37:53
something wrong , 2021-12-06 , 22:37:56
something wrong , 2021-12-06 , 22:37:59
something wrong , 2021-12-06 , 22:38:19
something wrong , 2021-12-06 , 22:38:21
something wrong , 2021-12-06 , 22:38:21
something wrong , 2021-12-06 , 22:38:22
something wrong , 2021-12-06 , 22:38:23
something wrong , 2021-12-06 , 22:38:24
something wrong , 2021-12-06 , 22:38:25
something wrong , 2021-12-06 , 22:38:26
something wrong , 2021-12-06 , 22:38:27
something wrong , 2021-12-06 , 22:38:27
something wrong , 2021-12-06 , 22:38:28
something wrong , 2021-12-06 , 22:38:28
something wrong , 2021-12-06 , 22:38:28
something wrong , 2021-12-06 , 22:38:29
something wrong , 2021-12-06 , 22:38:29
something wrong , 2021-12-06 , 22:38:30
something wrong , 2021-12-06 , 22:38:30
something wrong , 2021-12-06 , 22:38:31
something wrong , 2021-12-06 , 22:38:31
something wrong , 2021-12-06 , 22:38:32
something wrong , 2021-12-06 , 22:38:33
something wrong , 2021-12-06 , 22:38:33
something wrong , 2021-12-06 , 22:38:34
something wrong , 2021-12-06 , 22:38:35
something wrong , 2021-12-06 , 22:38:35
something wrong , 2021-12-06 , 22:38:35
something wrong , 2021-12-06 , 22:38:35
something wrong , 2021-12-06 , 22:38:36
something wrong , 2021-12-06 , 22:38:37
something wrong , 2021-12-06 , 22:38:38
something wrong , 2021-12-06 , 22:38:38
something wrong , 2021-12-06 , 22:38:39
something wrong , 2021-12-06 , 22:38:39
something wrong , 2021-12-06 , 22:38:40
something wrong , 2021-12-06 , 22:38:41
something wrong , 2021-12-06 , 22:38:41
something wrong , 2021-12-06 , 22:38:42
something wrong , 2021-12-06 , 22:38:44
something wrong , 2021-12-06 , 22:38:45
something wrong , 2021-12-06 , 22:38:46
something wrong , 2021-12-06 , 22:38:46
something wrong , 2021-12-06 , 22:38:48
something wrong , 2021-12-06 , 22:38:48
something wrong , 2021-12-06 , 22:38:49
something wrong , 2021-12-06 , 22:38:49
something wrong , 2021-12-06 , 22:38:49
something wrong , 2021-12-06 , 22:38:50
something wrong , 2021-12-06 , 22:38:51
something wrong , 2021-12-06 , 22:38:52
something wrong , 2021-12-06 , 22:38:53
something wrong , 2021-12-06 , 22:38:54
something wrong , 2021-12-06 , 22:38:54
something wrong , 2021-12-06 , 22:38:54
something wrong , 2021-12-06 , 22:38:55
something wrong , 2021-12-06 , 22:38:55
something wrong , 2021-12-06 , 22:38:56
something wrong , 2021-12-06 , 22:38:56
something wrong , 2021-12-06 , 22:38:57
something wrong , 2021-12-06 , 22:38:57
something wrong , 2021-12-06 , 22:38:57
something wrong , 2021-12-06 , 22:38:58
something wrong , 2021-12-06 , 22:38:58
something wrong , 2021-12-06 , 22:38:58
something wrong , 2021-12-06 , 22:39:01
something wrong , 2021-12-06 , 22:39:02
something wrong , 2021-12-15 , 14:32:17
something wrong , 2021-12-15 , 14:32:18
something wrong , 2021-12-15 , 14:32:18
something wrong , 2021-12-15 , 14:32:18
something wrong , 2021-12-15 , 14:32:19
something wrong , 2021-12-15 , 14:32:19
something wrong , 2021-12-15 , 14:32:19
something wrong , 2021-12-15 , 14:34:42
something wrong , 2021-12-15 , 14:34:42
something wrong , 2021-12-15 , 14:34:43
something wrong , 2021-12-15 , 14:34:43
something wrong , 2021-12-15 , 14:34:43
something wrong , 2021-12-15 , 14:34:44
something wrong , 2021-12-15 , 14:34:44
something wrong , 2021-12-15 , 14:34:44
something wrong , 2021-12-15 , 14:34:45
something wrong , 2021-12-15 , 14:34:45
something wrong , 2021-12-15 , 14:34:45
something wrong , 2021-12-15 , 14:34:46
something wrong , 2021-12-15 , 14:34:46
something wrong , 2021-12-15 , 14:34:46
something wrong , 2021-12-15 , 14:35:32
something wrong , 2021-12-15 , 14:35:32
something wrong , 2021-12-15 , 14:35:32
something wrong , 2021-12-15 , 14:35:33
something wrong , 2021-12-15 , 14:35:33
something wrong , 2021-12-15 , 14:35:33
something wrong , 2021-12-15 , 14:35:34
something wrong , 2021-12-15 , 14:35:34
something wrong , 2021-12-15 , 14:35:35
something wrong , 2021-12-15 , 14:35:35
something wrong , 2021-12-15 , 14:35:35
something wrong , 2021-12-15 , 14:35:36
something wrong , 2021-12-15 , 14:35:36
something wrong , 2021-12-15 , 14:35:36
something wrong , 2021-12-15 , 14:35:37
something wrong , 2021-12-15 , 14:35:37
something wrong , 2021-12-15 , 14:35:38
something wrong , 2021-12-15 , 14:35:38
something wrong , 2021-12-15 , 14:35:38
something wrong , 2021-12-15 , 14:35:39
something wrong , 2021-12-15 , 14:35:39
something wrong , 2021-12-15 , 14:35:40
something wrong , 2021-12-15 , 14:35:40
something wrong , 2021-12-15 , 14:35:40
something wrong , 2021-12-15 , 14:35:41
something wrong , 2021-12-15 , 14:35:41
something wrong , 2021-12-15 , 14:35:41
something wrong , 2021-12-15 , 14:35:42
something wrong , 2021-12-15 , 14:35:42
something wrong , 2021-12-15 , 14:35:43
something wrong , 2021-12-15 , 14:36:52
something wrong , 2021-12-15 , 14:36:52
something wrong , 2021-12-15 , 14:36:53
something wrong , 2021-12-15 , 14:36:53
something wrong , 2021-12-15 , 14:36:53
something wrong , 2021-12-15 , 14:36:54
something wrong , 2021-12-15 , 14:36:54
something wrong , 2021-12-15 , 14:36:54
something wrong , 2021-12-15 , 14:36:55
something wrong , 2021-12-15 , 14:36:55
something wrong , 2021-12-15 , 14:36:55
something wrong , 2021-12-15 , 14:36:56
something wrong , 2021-12-15 , 14:36:56
something wrong , 2021-12-15 , 14:36:57
something wrong , 2021-12-15 , 14:37:24
something wrong , 2021-12-15 , 14:37:24
something wrong , 2021-12-15 , 14:37:25
something wrong , 2021-12-15 , 14:37:25
something wrong , 2021-12-15 , 14:37:26
something wrong , 2021-12-15 , 14:37:26
something wrong , 2021-12-15 , 14:37:26
something wrong , 2021-12-15 , 14:37:27
something wrong , 2021-12-15 , 14:37:27
something wrong , 2021-12-15 , 14:37:27
something wrong , 2021-12-15 , 14:37:28
something wrong , 2021-12-15 , 14:37:28
something wrong , 2021-12-15 , 14:37:28
something wrong , 2021-12-15 , 14:37:29
something wrong , 2021-12-15 , 14:37:29
something wrong , 2021-12-15 , 14:37:30
something wrong , 2021-12-15 , 14:37:30
something wrong , 2021-12-15 , 14:37:31
something wrong , 2021-12-15 , 14:37:31
something wrong , 2021-12-15 , 14:37:31
something wrong , 2021-12-15 , 14:37:32
something wrong , 2021-12-15 , 14:37:32
something wrong , 2021-12-15 , 14:37:33
something wrong , 2021-12-15 , 14:37:33
something wrong , 2021-12-15 , 14:37:33
something wrong , 2021-12-15 , 14:37:34
something wrong , 2021-12-15 , 14:37:34
something wrong , 2021-12-15 , 14:37:34
something wrong , 2021-12-15 , 14:37:35
something wrong , 2021-12-15 , 14:37:35
something wrong , 2021-12-15 , 14:37:55
something wrong , 2021-12-15 , 14:37:56
something wrong , 2021-12-15 , 14:37:56
something wrong , 2021-12-15 , 14:37:57
something wrong , 2021-12-15 , 14:37:57
something wrong , 2021-12-15 , 14:37:57
something wrong , 2021-12-15 , 14:37:58
something wrong , 2021-12-15 , 14:37:58
something wrong , 2021-12-15 , 14:37:58
something wrong , 2021-12-15 , 14:37:59
something wrong , 2021-12-15 , 14:37:59
something wrong , 2021-12-15 , 14:38:00
something wrong , 2021-12-15 , 14:38:00
something wrong , 2021-12-15 , 14:38:00
something wrong , 2021-12-15 , 14:38:01
something wrong , 2021-12-15 , 14:38:01
something wrong , 2021-12-15 , 14:38:02
something wrong , 2021-12-15 , 14:38:02
something wrong , 2021-12-15 , 14:38:02
something wrong , 2021-12-15 , 14:38:03
something wrong , 2021-12-15 , 14:38:03
something wrong , 2021-12-15 , 14:38:03
something wrong , 2021-12-15 , 14:38:04
something wrong , 2021-12-15 , 14:38:04
something wrong , 2021-12-15 , 14:38:04
something wrong , 2021-12-15 , 14:38:05
something wrong , 2021-12-15 , 14:38:05
something wrong , 2021-12-15 , 14:38:06
something wrong , 2021-12-15 , 14:38:06
something wrong , 2021-12-15 , 14:38:06
something wrong , 2021-12-15 , 14:38:07
something wrong , 2021-12-15 , 14:38:07
something wrong , 2021-12-15 , 14:38:07
something wrong , 2021-12-15 , 14:38:08
something wrong , 2021-12-15 , 14:38:08
something wrong , 2021-12-15 , 14:38:08
something wrong , 2021-12-15 , 14:38:09
something wrong , 2021-12-15 , 14:38:09
something wrong , 2021-12-15 , 14:38:10
something wrong , 2021-12-15 , 14:38:10
something wrong , 2021-12-15 , 14:38:10
something wrong , 2021-12-15 , 14:38:11
something wrong , 2021-12-15 , 14:38:11
something wrong , 2021-12-15 , 14:38:11
something wrong , 2021-12-15 , 14:38:12
something wrong , 2021-12-15 , 14:38:12
something wrong , 2021-12-15 , 14:38:13
something wrong , 2021-12-15 , 14:38:13
something wrong , 2021-12-15 , 14:38:13
something wrong , 2021-12-15 , 14:38:14
something wrong , 2021-12-15 , 14:38:14
something wrong , 2021-12-15 , 14:39:41
something wrong , 2021-12-15 , 14:39:41
something wrong , 2021-12-15 , 14:39:41
something wrong , 2021-12-15 , 14:39:42
something wrong , 2021-12-15 , 14:39:42
something wrong , 2021-12-15 , 14:39:43
something wrong , 2021-12-15 , 14:39:43
something wrong , 2021-12-15 , 14:39:44
something wrong , 2021-12-15 , 14:39:44
something wrong , 2021-12-15 , 14:39:44
something wrong , 2021-12-15 , 14:39:45
something wrong , 2021-12-15 , 14:39:45
something wrong , 2021-12-15 , 14:39:46
something wrong , 2021-12-15 , 14:39:46
something wrong , 2021-12-15 , 14:41:01
something wrong , 2021-12-15 , 14:41:02
something wrong , 2021-12-15 , 14:41:02
something wrong , 2021-12-15 , 14:41:03
something wrong , 2021-12-15 , 14:41:03
something wrong , 2021-12-15 , 14:41:03
something wrong , 2021-12-15 , 14:41:04
something wrong , 2021-12-15 , 14:41:04
something wrong , 2021-12-15 , 14:41:04
something wrong , 2021-12-15 , 14:41:05
something wrong , 2021-12-15 , 14:41:19
something wrong , 2021-12-15 , 14:41:20
something wrong , 2021-12-15 , 14:41:20
something wrong , 2021-12-15 , 14:41:21
something wrong , 2021-12-15 , 14:41:21
something wrong , 2021-12-15 , 14:41:22
something wrong , 2021-12-15 , 14:41:22
something wrong , 2021-12-15 , 14:41:22
something wrong , 2021-12-15 , 14:41:23
something wrong , 2021-12-15 , 14:41:23
something wrong , 2021-12-15 , 14:41:23
something wrong , 2021-12-15 , 14:41:24
something wrong , 2021-12-15 , 14:41:24
something wrong , 2021-12-15 , 14:41:25
something wrong , 2021-12-15 , 14:41:25
something wrong , 2021-12-15 , 14:41:25
something wrong , 2021-12-15 , 14:41:26
something wrong , 2021-12-15 , 14:56:16
something wrong , 2021-12-15 , 14:56:18
something wrong , 2021-12-15 , 14:56:57
something wrong , 2021-12-15 , 14:56:58
something wrong , 2021-12-15 , 14:57:00
something wrong , 2021-12-15 , 14:57:01
something wrong , 2021-12-15 , 14:57:02
something wrong , 2021-12-15 , 15:13:27
something wrong , 2021-12-15 , 15:13:40
something wrong , 2021-12-15 , 15:13:43
something wrong , 2021-12-15 , 19:06:46
something wrong , 2021-12-15 , 19:06:47
something wrong , 2021-12-15 , 19:08:41
something wrong , 2021-12-15 , 19:08:53
something wrong , 2021-12-15 , 19:09:04
something wrong , 2021-12-15 , 19:10:05
something wrong , 2021-12-15 , 19:10:06
something wrong , 2021-12-15 , 19:10:07
something wrong , 2021-12-15 , 19:10:08
something wrong , 2021-12-15 , 19:10:08
something wrong , 2021-12-15 , 19:10:54
something wrong , 2021-12-15 , 19:10:55
something wrong , 2021-12-15 , 19:10:56
something wrong , 2021-12-15 , 19:10:56
something wrong , 2021-12-15 , 19:10:56
something wrong , 2021-12-15 , 19:35:08
something wrong , 2021-12-15 , 19:40:46
something wrong , 2021-12-15 , 20:17:50
